store_name,reviewr_name,reviewr_id,reviewr_url
ハセガワストア 桔梗店,kin06(547),000707852,https://tabelog.com/rvwr/000707852/
ハセガワストア 桔梗店,えぞむらさき(2746),002118595,https://tabelog.com/rvwr/002118595/
ハセガワストア 桔梗店,ar65a254(10),002306583,https://tabelog.com/rvwr/002306583/
ハセガワストア 桔梗店,kaaahoooy(194),009063342,https://tabelog.com/rvwr/009063342/
ハセガワストア 桔梗店,たくちゃん75525(127),003606482,https://tabelog.com/rvwr/003606482/
ハセガワストア 桔梗店,AKRKA(5),008246879,https://tabelog.com/rvwr/008246879/
ハセガワストア 桔梗店,コバモン39(133),007510232,https://tabelog.com/rvwr/007510232/
ハセガワストア 桔梗店,せばっ！(14),000228765,https://tabelog.com/rvwr/000228765/
ハセガワストア 桔梗店,五井コエチア(565),000094311,https://tabelog.com/rvwr/000094311/
ハセガワストア 桔梗店,えり選手(0),000714206,https://tabelog.com/rvwr/000714206/
